{
  "battery_capacity": 60,
  "nodes": [
    { "id": 0, "type": "hub", "x": 6, "y": 6, "is_charger": true },
    { "id": 1, "type": "delivery", "x": 8, "y": 10, "is_charger": false },
    { "id": 2, "type": "delivery", "x": 10, "y": 8, "is_charger": true },
    { "id": 3, "type": "delivery", "x": 3, "y": 9, "is_charger": false },
    { "id": 4, "type": "delivery", "x": 1, "y": 7, "is_charger": true },
    { "id": 5, "type": "delivery", "x": 7, "y": 2, "is_charger": false },
    { "id": 6, "type": "delivery", "x": 11, "y": 3, "is_charger": false },
    { "id": 7, "type": "delivery", "x": 2, "y": 4, "is_charger": false },
    { "id": 8, "type": "delivery", "x": 9, "y": 12, "is_charger": true },
    { "id": 9, "type": "delivery", "x": 5, "y": 0, "is_charger": false },
    { "id": 10, "type": "delivery", "x": 12, "y": 7, "is_charger": false },
    { "id": 11, "type": "delivery", "x": 0, "y": 10, "is_charger": true },
    { "id": 12, "type": "delivery", "x": 8, "y": 1, "is_charger": false },
    { "id": 13, "type": "delivery", "x": 4, "y": 11, "is_charger": false },
    { "id": 14, "type": "delivery", "x": 10, "y": 0, "is_charger": true }
  ],
  "no_fly": [
    { "id": "nf1", "vertices": [[7,7],[9,7],[9,9],[7,9]] },
    { "id": "nf2", "vertices": [[3,3],[4,3],[4,4],[3,4]] },
    { "id": "nf3", "vertices": [[10,10],[11,10],[11,11],[10,11]] }
  ]
}
